Original,,,aWhere,,,,,,,,,,,
Village_Sun_colline,Latitude.original,longtitude.original,Latitude.awhere,longtitude.awhere,lat_d,lat_m,lat_o,lat_decimal,lon_d,lon_m,lon_o,lon_decimal,,
1,02 50 7519,028 47 4250,2507519000,2847425000,2,50,7519000,-2.833333333,28,47,7425000,28.78333333,,
2,2157599,28532968,2157599000,2853296800,2,15,7599000,-2.25,28,53,3296800,28.88333333,,
3,,,0,0,0,0,0,0,0,0,0,0,,Use these
4,02 45 9943,028 40 1715,2459943000,2840171500,2,45,9943000,-2.75,28,40,171500,28.66666667,,
5,02 45 8365,028 40 4388,2458365000,2840438800,2,45,8365000,-2.75,28,40,438800,28.66666667,,
6,02 41 2163,028 34 0852,2412163000,2834085200,2,41,2163000,-2.683333333,28,34,4085200,28.56666667,,
7,02 41 2615,028 34 2255,2412615000,2834225500,2,41,2615000,-2.683333333,28,34,4225500,28.56666667,,
8,02 51 3275,028 47 1782,2513275000,2847178200,2,51,3275000,-2.85,28,47,7178200,28.78333333,,
9,02 51 3864,028 47 2382,2513864000,2847238200,2,51,3864000,-2.85,28,47,7238200,28.78333333,,
10,02 21 3236,028 47 5894,2213236000,2847589400,2,21,3236000,-2.35,28,47,7589400,28.78333333,,
11,02 14 7761,028 48 6173,2147761000,2848617300,2,14,7761000,-2.233333333,28,48,8617300,28.8,,
12,02 14 7512,028 48 6243,2147512000,2848624300,2,14,7512000,-2.233333333,28,48,8624300,28.8,,
13,02 20 0100,028 48 9615,2200100000,2848961500,2,20,1.00E+05,-2.333333333,28,48,8961500,28.8,,
14,02 20 0573,028 48 9375,2200573000,2848937500,2,20,573000,-2.333333333,28,48,8937500,28.8,,
16,215.7355957,2853.386719,2157355957,2853386719,2,15,7355957,-2.25,28,53,3386719,28.88333333,,
17,244.8674927,2840.400879,2448674927,2840400879,2,44,8674927,-2.733333333,28,40,400879,28.66666667,,
18,246.0402985,2841.169434,2460402985,2841169434,2,46,402985,-2.766666667,28,41,1169434,28.68333333,,
19,245.831604,2840.333496,2458316040,2840333496,2,45,8316040,-2.75,28,40,333496,28.66666667,,
20,242.2463074,2833.550293,2422463074,2833550293,2,42,2463074,-2.7,28,33,3550293,28.55,,
21,251.017395,2847.421631,2510173950,2847421631,2,51,173950,-2.85,28,47,7421631,28.78333333,,
22,250.6920013,2847.424072,2506920013,2847424072,2,50,6920013,-2.833333333,28,47,7424072,28.78333333,,
23,250.6912994,2847.05542,2506912994,2847055420,2,50,6912994,-2.833333333,28,47,7055420,28.78333333,,
24,250.3816071,2844.766113,2503816071,2844766113,2,50,3816071,-2.833333333,28,44,4766113,28.73333333,,
25,250.4049072,2844.775635,2504049072,2844775635,2,50,4049072,-2.833333333,28,44,4775635,28.73333333,,
26,250.3076935,2844.727051,2503076935,2844727051,2,50,3076935,-2.833333333,28,44,4727051,28.73333333,,
27,250.8356934,2844.634766,2508356934,2844634766,2,50,8356934,-2.833333333,28,44,4634766,28.73333333,,
28,250.5825043,2844.514648,2505825043,2844514648,2,50,5825043,-2.833333333,28,44,4514648,28.73333333,,
29,215.0296021,2848.868408,2150296021,2848868408,2,15,296021,-2.25,28,48,8868408,28.8,,
30,221.2684937,2846.631104,2212684937,2846631104,2,21,2684937,-2.35,28,46,6631104,28.76666667,,
31,221.2776031,2847.551025,2212776031,2847551025,2,21,2776031,-2.35,28,47,7551025,28.78333333,,
32,220.4557037,2849.165039,2204557037,2849165039,2,20,4557037,-2.333333333,28,49,9165039,28.81666667,,
33,220.3462982,2848.98999,2203462982,2848989990,2,20,3462982,-2.333333333,28,48,8989990,28.8,,
34,02 49 1698,028  49  1355,2491698000,2849135500,2,49,1698000,-2.816666667,28,49,9135500,28.81666667,,
35,02 15.5898,028  53 . 4474,2155898000,2853447400,2,15,5898000,-2.25,28,53,3447400,28.88333333,,
36,02  50 1706,028  44  5440,2501706000,2844544000,2,50,1706000,-2.833333333,28,44,4544000,28.73333333,,
37,0,0,0,0,0,0,0,0,0,0,0,0,,
38,02 50 1666,028 45  1256,2501666000,2845125600,2,50,1666000,-2.833333333,28,45,5125600,28.75,,
39,02  45  0421,028  40  3484,2450421000,2840348400,2,45,421000,-2.75,28,40,348400,28.66666667,,
40,02  45  8362,028  40  3999,2458362000,2840399900,2,45,8362000,-2.75,28,40,399900,28.66666667,,
41,02 45 8831,028  47  3622,2458831000,2847362200,2,45,8831000,-2.75,28,47,7362200,28.78333333,,
42,02 42 6747,028  33  9630,2426747000,2833963000,2,42,6747000,-2.7,28,33,3963000,28.55,,
43,02 51 0042,028  47  4382,2510042000,2847438200,2,51,42000,-2.85,28,47,7438200,28.78333333,,
44,02 50 8386,028 46 9334,2508386000,2846933400,2,50,8386000,-2.833333333,28,46,6933400,28.76666667,,
45,02  50  7744,028  47  2104,2507744000,2847210400,2,50,7744000,-2.833333333,28,47,7210400,28.78333333,,
46,02  50  7156,028  44  5562,2507156000,2844556200,2,50,7156000,-2.833333333,28,44,4556200,28.73333333,,
47,02  50  7912,028 44 5946,2507912000,2844594600,2,50,7912000,-2.833333333,28,44,4594600,28.73333333,,
48,02 16 0468,028 49 4048,2160468000,2849404800,2,16,468000,-2.266666667,28,49,9404800,28.81666667,,
49,02  16  0471,028 49 5144,2160471000,2849514400,2,16,471000,-2.266666667,28,49,9514400,28.81666667,,
50,02 16 1087,028 50 5248,2161087000,2850524800,2,16,1087000,-2.266666667,28,50,524800,28.83333333,,
51,02 19 9286,028 48 9408,2199286000,2848940800,2,19,9286000,-2.316666667,28,48,8940800,28.8,,
52,02 19 9302,028 49 0539,2199302000,2849053900,2,19,9302000,-2.316666667,28,49,9053900,28.81666667,,
53,244.7713013,2840.6832,2447713013,2840683200,2,44,7713013,-2.733333333,28,40,683200,28.66666667,,
54,246.3522949,2840.3763,2463522949,2840376300,2,46,3522949,-2.766666667,28,40,376300,28.66666667,,
55,246.4098053,2840.3624,2464098053,2840362400,2,46,4098053,-2.766666667,28,40,362400,28.66666667,,
56,241.9477997,2834.0621,2419477997,2834062100,2,41,9477997,-2.683333333,28,34,4062100,28.56666667,,
57,251.1300964,028.47.4190,2511300964,2847419000,2,51,1300964,-2.85,28,47,7419000,28.78333333,,
58,250.8636932,2846.8778,2508636932,2846877800,2,50,8636932,-2.833333333,28,46,6877800,28.76666667,,
59,250.8990021,2846.8804,2508990021,2846880400,2,50,8990021,-2.833333333,28,46,6880400,28.76666667,,
60,250.330307,2845.0414,2503303070,2845041400,2,50,3303070,-2.833333333,28,45,5041400,28.75,,
61,250.3258057,2844.9381,2503258057,2844938100,2,50,3258057,-2.833333333,28,44,4938100,28.73333333,,
62,250.7861938,2844.6738,2507861938,2844673800,2,50,7861938,-2.833333333,28,44,4673800,28.73333333,,
63,216.0229034,2849.4259,2160229034,2849425900,2,16,229034,-2.266666667,28,49,9425900,28.81666667,,
64,216.1708069,2849.3917,2161708069,2849391700,2,16,1708069,-2.266666667,28,49,9391700,28.81666667,,
65,221.6999969,2847.3685,2216999969,2847368500,2,21,6999969,-2.35,28,47,7368500,28.78333333,,
66,219.7839966,2849.4609,2197839966,2849460900,2,19,7839966,-2.316666667,28,49,9460900,28.81666667,,
67,2464029,2840354,2464029000,2840354000,2,46,4029000,-2.766666667,28,40,354000,28.66666667,,
68,2464215,2842762,2464215000,2842762000,2,46,4215000,-2.766666667,28,42,2762000,28.7,,
69,2419361,28340514,2419361000,2834051400,2,41,9361000,-2.683333333,28,34,4051400,28.56666667,,
70,2510935,28474346,2510935000,2847434600,2,51,935000,-2.85,28,47,7434600,28.78333333,,
71,2508616,28474679,2508616000,2847467900,2,50,8616000,-2.833333333,28,47,7467900,28.78333333,,
72,2508616,28474679,2508616000,2847467900,2,50,8616000,-2.833333333,28,47,7467900,28.78333333,,
73,25503464,28447565,2550346400,2844756500,2,55,346400,-2.916666667,28,44,4756500,28.73333333,,
74,2504224,28448940,2504224000,2844894000,2,50,4224000,-2.833333333,28,44,4894000,28.73333333,,
75,2462235,28401738,2462235000,2840173800,2,46,2235000,-2.766666667,28,40,173800,28.66666667,,
76,2502039,284497886,2502039000,2844978860,2,50,2039000,-2.833333333,28,44,4978860,28.73333333,,
77,2508849,28445623,2508849000,2844562300,2,50,8849000,-2.833333333,28,44,4562300,28.73333333,,
78,2506319,28447821,2506319000,2844782100,2,50,6319000,-2.833333333,28,44,4782100,28.73333333,,
79,2159971,28491894,2159971000,2849189400,2,15,9971000,-2.25,28,49,9189400,28.81666667,,
80,2212048,28472715,2212048000,2847271500,2,21,2048000,-2.35,28,47,7271500,28.78333333,,
81,2159971,28491894,2159971000,2849189400,2,15,9971000,-2.25,28,49,9189400,28.81666667,,
82,2202895,28493302,2202895000,2849330200,2,20,2895000,-2.333333333,28,49,9330200,28.81666667,,
83,2201053,28489554,2201053000,2848955400,2,20,1053000,-2.333333333,28,48,8955400,28.8,,
84,2165011,28528968,2165011000,2852896800,2,16,5011000,-2.266666667,28,52,2896800,28.86666667,,
85,244.4977,2840.3345,2444977000,2840334500,2,44,4977000,-2.733333333,28,40,334500,28.66666667,,
86,216.5904,2853.6123,2165904000,2853612300,2,16,5904000,-2.266666667,28,53,3612300,28.88333333,,
87,245.8079,2840.9029,2458079000,2840902900,2,45,8079000,-2.75,28,40,902900,28.66666667,,
88,246.3389,2480.3454,2463389000,2480345400,2,46,3389000,-2.766666667,24,80,345400,25.33333333,,
89,242.2993,2833.421,2422993000,2833421000,2,42,2993000,-2.7,28,33,3421000,28.55,,
90,250.9218,2847.4208,2509218000,2847420800,2,50,9218000,-2.833333333,28,47,7420800,28.78333333,,
91,250.7201,2847.4377,2507201000,2847437700,2,50,7201000,-2.833333333,28,47,7437700,28.78333333,,
92,251.7381,2847.0359,2517381000,2847035900,2,51,7381000,-2.85,28,47,7035900,28.78333333,,
93,250.3205,2844.7084,2503205000,2844708400,2,50,3205000,-2.833333333,28,44,4708400,28.73333333,,
94,250.0008,2844.8968,2500008000,2844896800,2,50,8000,-2.833333333,28,44,4896800,28.73333333,,
95,250.1755,2845.0042,2501755000,2845004200,2,50,1755000,-2.833333333,28,45,5004200,28.75,,
96,250.8733,2844.6265,2508733000,2844626500,2,50,8733000,-2.833333333,28,44,4626500,28.73333333,,
97,250.6207,2844.807,2506207000,2844807000,2,50,6207000,-2.833333333,28,44,4807000,28.73333333,,
98,216.8823,2848.6569,2168823000,2848656900,2,16,8823000,-2.266666667,28,48,8656900,28.8,,
99,221.2259,2847.387,2212259000,2847387000,2,21,2259000,-2.35,28,47,7387000,28.78333333,,
100,221.3744,2847.5902,2213744000,2847590200,2,21,3744000,-2.35,28,47,7590200,28.78333333,,
101,220.0353,2849.1718,2200353000,2849171800,2,20,353000,-2.333333333,28,49,9171800,28.81666667,,
102,220.1398,2849.1905,2201398000,2849190500,2,20,1398000,-2.333333333,28,49,9190500,28.81666667,,
103,216.3923,2853.1308,2163923000,2853130800,2,16,3923000,-2.266666667,28,53,3130800,28.88333333,,
104,,,0,0,0,0,0,0,0,0,0,0,,
105,02'45.9243',028'40.8082',2459243000,2840808200,2,45,9243000,-2.75,28,40,808200,28.66666667,,
106,02'46.3305',028'40.3092',2463305000,2840309200,2,46,3305000,-2.766666667,28,40,309200,28.66666667,,
107,02'42.1881,028'33.4884,2421881000,2833488400,2,42,1881000,-2.7,28,33,3488400,28.55,,
108,02'51.1152',028'47.3706,2511152000,2847370600,2,51,1152000,-2.85,28,47,7370600,28.78333333,,
109,02'50.8200',028'47.4663,2508200000,2847466300,2,50,8200000,-2.833333333,28,47,7466300,28.78333333,,
110,02'50.9773,028'47.4064,2509773000,2847406400,2,50,9773000,-2.833333333,28,47,7406400,28.78333333,,
111,02'50.2666',028'45.1589',2502666000,2845158900,2,50,2666000,-2.833333333,28,45,5158900,28.75,,
112,02'50.2914',028'44.9911,2502914000,2844991100,2,50,2914000,-2.833333333,28,44,4991100,28.73333333,,
113,02''50.2834'',028''45.1471,2502834000,2845147100,2,50,2834000,-2.833333333,28,45,5147100,28.75,,
114,02'50.2190',028'45.0806',2502190000,2845080600,2,50,2190000,-2.833333333,28,45,5080600,28.75,,
115,02'16.8836,028'48.6532',2168836000,2848653200,2,16,8836000,-2.266666667,28,48,8653200,28.8,,
116,02'16.1166',028'49.5735',2161166000,2849573500,2,16,1166000,-2.266666667,28,49,9573500,28.81666667,,
117,02''21.0380'',028''47.2048'',2210380000,2847204800,2,21,380000,-2.35,28,47,7204800,28.78333333,,
118,02'20.2634',028'48.9346',2202634000,2848934600,2,20,2634000,-2.333333333,28,48,8934600,28.8,,
119,02'20.0401',028'48.9965',2200401000,2848996500,2,20,401000,-2.333333333,28,48,8996500,28.8,,
120,02'44.4493',028'40.3112',2444493000,2840311200,2,44,4493000,-2.733333333,28,40,311200,28.66666667,,
121,2159145,28519660,2159145000,2851966000,2,15,9145000,-2.25,28,51,1966000,28.85,,
122,2445737,28403232,2445737000,2840323200,2,44,5737000,-2.733333333,28,40,323200,28.66666667,,
123,2166752,28528012,2166752000,2852801200,2,16,6752000,-2.266666667,28,52,2801200,28.86666667,,
124,2464143,28402802,2464143000,2840280200,2,46,4143000,-2.766666667,28,40,280200,28.66666667,,
125,2458240,28403682,2458240000,2840368200,2,45,8240000,-2.75,28,40,368200,28.66666667,,
126,2423173,28337037,2423173000,2833703700,2,42,3173000,-2.7,28,33,3703700,28.55,,
127,2508316,28474953,2508316000,2847495300,2,50,8316000,-2.833333333,28,47,7495300,28.78333333,,
128,2506788,28470574,2506788000,2847057400,2,50,6788000,-2.833333333,28,47,7057400,28.78333333,,
129,2507157,28469832,2507157000,2846983200,2,50,7157000,-2.833333333,28,46,6983200,28.76666667,,
130,2501435,28439653,2501435000,2843965300,2,50,1435000,-2.833333333,28,43,3965300,28.71666667,,
131,2501456,28439009,2501456000,2843900900,2,50,1456000,-2.833333333,28,43,3900900,28.71666667,,
132,2503689,28444136,2503689000,2844413600,2,50,3689000,-2.833333333,28,44,4413600,28.73333333,,
133,2504219,28444453,2504219000,2844445300,2,50,4219000,-2.833333333,28,44,4445300,28.73333333,,
134,2507941,28446114,2507941000,2844611400,2,50,7941000,-2.833333333,28,44,4611400,28.73333333,,
135,2506321,28447622,2506321000,2844762200,2,50,6321000,-2.833333333,28,44,4762200,28.73333333,,
136,2149662,28488851,2149662000,2848885100,2,14,9662000,-2.233333333,28,48,8885100,28.8,,
137,2160113,28491897,2160113000,2849189700,2,16,113000,-2.266666667,28,49,9189700,28.81666667,,
138,2214065,28475317,2214065000,2847531700,2,21,4065000,-2.35,28,47,7531700,28.78333333,,
139,2164346,28529261,2164346000,2852926100,2,16,4346000,-2.266666667,28,52,2926100,28.86666667,,
140,02'44.7570',028'40.5241,2447570000,2840524100,2,44,7570000,-2.733333333,28,40,524100,28.66666667,,
141,02'45.8470,028'41.4772',2458470000,2841477200,2,45,8470000,-2.75,28,41,1477200,28.68333333,,
142,02'45.8139',028'40.4257',2458139000,2840425700,2,45,8139000,-2.75,28,40,425700,28.66666667,,
143,02'41.4219',828'34.2512',2414219000,8283425120,2,41,4219000,-2.683333333,82,83,3425120,83.38333333,,
144,02''42.3021'',028''34.5308'',2423021000,2834530800,2,42,3021000,-2.7,28,34,4530800,28.56666667,,
145,02''50.8582'',028''47.4795'',2508582000,2847479500,2,50,8582000,-2.833333333,28,47,7479500,28.78333333,,
146,,,0,0,0,0,0,0,0,0,0,0,,
147,02'50.6784',028'46.9861',2506784000,2846986100,2,50,6784000,-2.833333333,28,46,6986100,28.76666667,,
148,02'50.1652',028'43.9565',2501652000,2843956500,2,50,1652000,-2.833333333,28,43,3956500,28.71666667,,
149,02'50.3004',028'44.5246',2503004000,2844524600,2,50,3004000,-2.833333333,28,44,4524600,28.73333333,,
150,02'50.2690',028'44.2996',2502690000,2844299600,2,50,2690000,-2.833333333,28,44,4299600,28.73333333,,
151,02'50.4424',028'44.4489',2504424000,2844448900,2,50,4424000,-2.833333333,28,44,4448900,28.73333333,,
152,02'50.8366',028'44.5934',2508366000,2844593400,2,50,8366000,-2.833333333,28,44,4593400,28.73333333,,
153,02'15.1064',028'48.8877',2151064000,2848887700,2,15,1064000,-2.25,28,48,8887700,28.8,,
154,02'21.0771',028'47.2092',2210771000,2847209200,2,21,771000,-2.35,28,47,7209200,28.78333333,,
155,02'21.1031',028'47.2357',2211031000,2847235700,2,21,1031000,-2.35,28,47,7235700,28.78333333,,
156,02'19.7594',028'49.4365',2197594000,2849436500,2,19,7594000,-2.316666667,28,49,9436500,28.81666667,,
157,02'19.9655',028'48.7210',2199655000,2848721000,2,19,9655000,-2.316666667,28,48,8721000,28.8,,
158,02'16.16.7378,028'53.5780,2161673780,2853578000,2,16,1673780,-2.266666667,28,53,3578000,28.88333333,,
159,2446589,28404077,2446589000,2840407700,2,44,6589000,-2.733333333,28,40,407700,28.66666667,,
160,2463577,28402897,2463577000,2840289700,2,46,3577000,-2.766666667,28,40,289700,28.66666667,,
161,2464351,28402780,2464351000,2840278000,2,46,4351000,-2.766666667,28,40,278000,28.66666667,,
162,2419984,28341619,2419984000,2834161900,2,41,9984000,-2.683333333,28,34,4161900,28.56666667,,
163,2419587,28341523,2419587000,2834152300,2,41,9587000,-2.683333333,28,34,4152300,28.56666667,,
164,2506958,28474157,2506958000,2847415700,2,50,6958000,-2.833333333,28,47,7415700,28.78333333,,
165,2506886,28473999,2506886000,2847399900,2,50,6886000,-2.833333333,28,47,7399900,28.78333333,,
166,2509596,28468265,2509596000,2846826500,2,50,9596000,-2.833333333,28,46,6826500,28.76666667,,
167,2508651,28468402,2508651000,2846840200,2,50,8651000,-2.833333333,28,46,6840200,28.76666667,,
168,2500604,28449392,2500604000,2844939200,2,50,604000,-2.833333333,28,44,4939200,28.73333333,,
169,2501484,28449501,2501484000,2844950100,2,50,1484000,-2.833333333,28,44,4950100,28.73333333,,
170,2509094,28446233,2509094000,2844623300,2,50,9094000,-2.833333333,28,44,4623300,28.73333333,,
171,2506731,28447492,2506731000,2844749200,2,50,6731000,-2.833333333,28,44,4749200,28.73333333,,
172,2147319,28486391,2147319000,2848639100,2,14,7319000,-2.233333333,28,48,8639100,28.8,,
173,2147493,28486345,2147493000,2848634500,2,14,7493000,-2.233333333,28,48,8634500,28.8,,
174,2200992,28489015,2200992000,2848901500,2,20,992000,-2.333333333,28,48,8901500,28.8,,
175,2200373,28489552,2200373000,2848955200,2,20,373000,-2.333333333,28,48,8955200,28.8,,
176,2160016,28530120,2160016000,2853012000,2,16,16000,-2.266666667,28,53,3012000,28.88333333,,
177,2166420,28535846,2166420000,2853584600,2,16,6420000,-2.266666667,28,53,3584600,28.88333333,,
178,2445779,2840559,2445779000,2840559000,2,44,5779000,-2.733333333,28,40,559000,28.66666667,,
179,.,.,0,0,0,0,0,0,0,0,0,0,,
180,2450035,28402140,2450035000,2840214000,2,45,35000,-2.75,28,40,214000,28.66666667,,
181,2413231,28340579,2413231000,2834057900,2,41,3231000,-2.683333333,28,34,4057900,28.56666667,,
182,2513998,2.85E+11,2513998000,2.85E+16,2,51,3998000,-2.85,28,47,7.10E+13,28.78333333,,
183,2507909,28469155,2507909000,2846915500,2,50,7909000,-2.833333333,28,46,6915500,28.76666667,,
184,2508376,28468848,2508376000,2846884800,2,50,8376000,-2.833333333,28,46,6884800,28.76666667,,
185,2503069,28451204,2503069000,2845120400,2,50,3069000,-2.833333333,28,45,5120400,28.75,,
186,2501895,28450545,2501895000,2845054500,2,50,1895000,-2.833333333,28,45,5054500,28.75,,
187,2502166,28451020,2502166000,2845102000,2,50,2166000,-2.833333333,28,45,5102000,28.75,,
188,2502341,28450419,2502341000,2845041900,2,50,2341000,-2.833333333,28,45,5041900,28.75,,
189,.,.,0,0,0,0,0,0,0,0,0,0,,
190,2442110,28410987,2442110000,2841098700,2,44,2110000,-2.733333333,28,41,1098700,28.68333333,,
191,2463760,28403976,2463760000,2840397600,2,46,3760000,-2.766666667,28,40,397600,28.66666667,,
192,2458519,28403601,2458519000,2840360100,2,45,8519000,-2.75,28,40,360100,28.66666667,,
193,2413570,28342294,2413570000,2834229400,2,41,3570000,-2.683333333,28,34,4229400,28.56666667,,
194,2423182,28346776,2423182000,2834677600,2,42,3182000,-2.7,28,34,4677600,28.56666667,,
195,2513993,28470989,2513993000,2847098900,2,51,3993000,-2.85,28,47,7098900,28.78333333,,
196,2507743,28469218,2507743000,2846921800,2,50,7743000,-2.833333333,28,46,6921800,28.76666667,,
197,2509274,28469865,2509274000,2846986500,2,50,9274000,-2.833333333,28,46,6986500,28.76666667,,
198,2505052,28447814,2505052000,2844781400,2,50,5052000,-2.833333333,28,44,4781400,28.73333333,,
199,2502278,28443496,2502278000,2844349600,2,50,2278000,-2.833333333,28,44,4349600,28.73333333,,
200,2502573,2844036,2502573000,2844036000,2,50,2573000,-2.833333333,28,44,4036000,28.73333333,,
201,2510475,28446480,2510475000,2844648000,2,51,475000,-2.85,28,44,4648000,28.73333333,,
211,2505759,28444854,2505759000,2844485400,2,50,5759000,-2.833333333,28,44,4485400,28.73333333,,
212,2505820,28447878,2505820000,2844787800,2,50,5820000,-2.833333333,28,44,4787800,28.73333333,,
213,2150144,28488069,2150144000,2848806900,2,15,144000,-2.25,28,48,8806900,28.8,,
214,2211460,28471976,2211460000,2847197600,2,21,1460000,-2.35,28,47,7197600,28.78333333,,
215,2212825,28474088,2212825000,2847408800,2,21,2825000,-2.35,28,47,7408800,28.78333333,,
216,2201033,28489862,2201033000,2848986200,2,20,1033000,-2.333333333,28,48,8986200,28.8,,
217,2198645,28491317,2198645000,2849131700,2,19,8645000,-2.316666667,28,49,9131700,28.81666667,,
218,2166809,28528871,2166809000,2852887100,2,16,6809000,-2.266666667,28,52,2887100,28.86666667,,
219,02'158460,02'8532102,2158460000,2853210200,2,15,8460000,-2.25,28,53,3210200,28.88333333,,
220,02'45.8372',028'40.8595',2458372000,2840859500,2,45,8372000,-2.75,28,40,859500,28.66666667,,
221,02'45.3022',028'39.4935',2453022000,2839493500,2,45,3022000,-2.75,28,39,9493500,28.65,,
222,02'41.1690',028'34.0931',2411690000,2834093100,2,41,1690000,-2.683333333,28,34,4093100,28.56666667,,
223,02'50.6837',028'47.3967',2506837000,2847396700,2,50,6837000,-2.833333333,28,47,7396700,28.78333333,,
224,02'50.7039',028'47.4169',2507039000,2847416900,2,50,7039000,-2.833333333,28,47,7416900,28.78333333,,
225,02'50.2445',028'44.7435',2502445000,2844743500,2,50,2445000,-2.833333333,28,44,4743500,28.73333333,,
226,02'50.2636',028'44.7266',2502636000,2844726600,2,50,2636000,-2.833333333,28,44,4726600,28.73333333,,
227,02'50.7918',028'44.5680',2507918000,2844568000,2,50,7918000,-2.833333333,28,44,4568000,28.73333333,,
228,02'50.5544',028'44.7918',2505544000,2844791800,2,50,5544000,-2.833333333,28,44,4791800,28.73333333,,
229,02'15.0979',028'48.8615',2150979000,2848861500,2,15,979000,-2.25,28,48,8861500,28.8,,
230,02'21.221',028'47.4030',2212210000,2847403000,2,21,2210000,-2.35,28,47,7403000,28.78333333,,
231,02'21.2969',028'47.4728',2212969000,2847472800,2,21,2969000,-2.35,28,47,7472800,28.78333333,,
232,02'20.4960',028'49.0989',2204960000,2849098900,2,20,4960000,-2.333333333,28,49,9098900,28.81666667,,
233,02'44.5384',028'40.3621',2445384000,2840362100,2,44,5384000,-2.733333333,28,40,362100,28.66666667,,
234,,,0,0,0,0,0,0,0,0,0,0,,
235,02 50 3903,028 45 0587,2503903000,2845058700,2,50,3903000,-2.833333333,28,45,5058700,28.75,,
236,,,0,0,0,0,0,0,0,0,0,0,,
238,2115639,28523110,2115639000,2852311000,2,11,5639000,-2.183333333,28,52,2311000,28.86666667,,
2166,217.2458954,2852.652832,2172458954,2852652832,2,17,2458954,-2.283333333,28,52,2652832,28.86666667,,
2213,242.1215057,2838.269775,2421215057,2838269775,2,42,1215057,-2.7,28,38,8269775,28.63333333,,
2214,2409251,28387302,2409251000,2838730200,2,40,9251000,-2.666666667,28,38,8730200,28.63333333,,
2216,237.6629028,2844.6658,2376629028,2844665800,2,37,6629028,-2.616666667,28,44,4665800,28.73333333,,
2217,2374501,28454277,2374501000,2845427700,2,37,4501000,-2.616666667,28,45,5427700,28.75,,
2218,02'37.5399',028'44.6763,2375399000,2844676300,2,37,5399000,-2.616666667,28,44,4676300,28.73333333,,
2219,02'41.2633',028'39.1058,2412633000,2839105800,2,41,2633000,-2.683333333,28,39,9105800,28.65,,
2220,212002,28514722,2120020000,2851472200,2,12,20000,-2.2,28,51,1472200,28.85,,
2223,02'11.5738,028'51.0397,2115738000,2851039700,2,11,5738000,-2.183333333,28,51,1039700,28.85,,
2224,02 40 9766,028 38 8850,2409766000,2838885000,2,40,9766000,-2.666666667,28,38,8885000,28.63333333,,
2226,24.5312,028'38.9395,2453120000,2838939500,2,45,3120000,-2.75,28,38,8939500,28.63333333,,
2227,2114223,28505790,2114223000,2850579000,2,11,4223000,-2.183333333,28,50,579000,28.83333333,,
2228,02 37 8607,028 45 1194,2378607000,2845119400,2,37,8607000,-2.616666667,28,45,5119400,28.75,,
2229,2165508,28529388,2165508000,2852938800,2,16,5508000,-2.266666667,28,52,2938800,28.86666667,,
2234,216.1461945,2852.8472,2161461945,2852847200,2,16,1461945,-2.266666667,28,52,2847200,28.86666667,,
2236,02 11 0608,028  51 . 7971,2110608000,2851797100,2,11,608000,-2.183333333,28,51,1797100,28.85,,
2237,21.8673 566,16.568888,2186735660,1656888800,2,18,6735660,-2.3,16,56,6888800,16.93333333,,
2238,2162617,28533323,2162617000,2853332300,2,16,2617000,-2.266666667,28,53,3332300,28.88333333,,
2240,212.1833954,2851.59082,2121833954,2851590820,2,12,1833954,-2.2,28,51,1590820,28.85,,
2242,2166475,28527216,2166475000,2852721600,2,16,6475000,-2.266666667,28,52,2721600,28.86666667,,
2243,2418605,28390951,2418605000,2839095100,2,41,8605000,-2.683333333,28,39,9095100,28.65,,
2244,02  40  7547,028  38  9236,2407547000,2838923600,2,40,7547000,-2.666666667,28,38,8923600,28.63333333,,
2246,216.1461945,2852.8472,2161461945,2852847200,2,16,1461945,-2.266666667,28,52,2847200,28.86666667,,
2247,02 41 8820,028 38 454,2418820000,2838454000,2,41,8820000,-2.683333333,28,38,8454000,28.63333333,,
2249,02 37 8533,028  44  7585,2378533000,2844758500,2,37,8533000,-2.616666667,28,44,4758500,28.73333333,,
2251,2418747,28383782,2418747000,2838378200,2,41,8747000,-2.683333333,28,38,8378200,28.63333333,,
2252,2111973,2851940,2111973000,2851940000,2,11,1973000,-2.183333333,28,51,1940000,28.85,,
2253,02 37 9086,028 45 1523,2379086000,2845152300,2,37,9086000,-2.616666667,28,45,5152300,28.75,,
2254,2119633,28511182,2119633000,2851118200,2,11,9633000,-2.183333333,28,51,1118200,28.85,,
2255,2372852,28451453,2372852000,2845145300,2,37,2852000,-2.616666667,28,45,5145300,28.75,,
2257,241148,28391822,2411480000,2839182200,2,41,1480000,-2.683333333,28,39,9182200,28.65,,
2261,215.7144928,2853.109375,2157144928,2853109375,2,15,7144928,-2.25,28,53,3109375,28.88333333,,
2264,02'37.9324',028'44.8814',2379324000,2844881400,2,37,9324000,-2.616666667,28,44,4881400,28.73333333,,
2265,02'11.5928,025'50.4703,2115928000,2550470300,2,11,5928000,-2.183333333,25,50,470300,25.83333333,,
2266,2376843,2451479,2376843000,2451479000,2,37,6843000,-2.616666667,24,51,1479000,24.85,,
2268,2120914,28515295,2120914000,2851529500,2,12,914000,-2.2,28,51,1529500,28.85,,
2270,2413128,28390283,2413128000,2839028300,2,41,3128000,-2.683333333,28,39,9028300,28.65,,
2275,02 40 3065,028 39 0722,2403065000,2839072200,2,40,3065000,-2.666666667,28,39,9072200,28.65,,
2276,2118964,28520416,2118964000,2852041600,2,11,8964000,-2.183333333,28,52,2041600,28.86666667,,
2277,2162541,28532075,2162541000,2853207500,2,16,2541000,-2.266666667,28,53,3207500,28.88333333,,
2278,02'41.8653',028'38.9221',2418653000,2838922100,2,41,8653000,-2.683333333,28,38,8922100,28.63333333,,
2279,2419104,28390860,2419104000,2839086000,2,41,9104000,-2.683333333,28,39,9086000,28.65,,
2280,.,.,0,0,0,0,0,0,0,0,0,0,,
2282,02'11.1307',028'51.8532',2111307000,2851853200,2,11,1307000,-2.183333333,28,51,1853200,28.85,,
2283,02'12.0008',028'52.0150',2120008000,2852015000,2,12,8000,-2.2,28,52,2015000,28.86666667,,
2284,2116.28,28531554,2116280000,2853155400,2,11,6280000,-2.183333333,28,53,3155400,28.88333333,,
2285,2163866,28530505,2163866000,2853050500,2,16,3866000,-2.266666667,28,53,3050500,28.88333333,,
2286,02'37.3815',028'45.2876',2373815000,2845287600,2,37,3815000,-2.616666667,28,45,5287600,28.75,,
2287,237.7245026,2844.72,2377245026,2844720000,2,37,7245026,-2.616666667,28,44,4720000,28.73333333,,
2291,211982,28514586,2119820000,2851458600,2,11,9820000,-2.183333333,28,51,1458600,28.85,,
2292,02 41 1364,028 39 1754,2411364000,2839175400,2,41,1364000,-2.683333333,28,39,9175400,28.65,,
2293,212.2230988,2851.559082,2122230988,2851559082,2,12,2230988,-2.2,28,51,1559082,28.85,,
2294,02'40.1285',028'38.9917,2401285000,2838991700,2,40,1285000,-2.666666667,28,38,8991700,28.63333333,,
2295,2120807,28515584,2120807000,2851558400,2,12,807000,-2.2,28,51,1558400,28.85,,
2296,02''16.6972'',028''53.0150'',2166972000,2853015000,2,16,6972000,-2.266666667,28,53,3015000,28.88333333,,
2298,02'11.6250',028'52.2587',2116250000,2852258700,2,11,6250000,-2.183333333,28,52,2258700,28.86666667,,
2300,237.9208984,2845.223,2379208984,2845223000,2,37,9208984,-2.616666667,28,45,5223000,28.75,,
2301,2168076,28530328,2168076000,2853032800,2,16,8076000,-2.266666667,28,53,3032800,28.88333333,,
2304,02''12.1544,028''51.5230'',2121544000,2851523000,2,12,1544000,-2.2,28,51,1523000,28.85,,
2305,02'11.6072',028'50.9604',2116072000,2850960400,2,11,6072000,-2.183333333,28,50,960400,28.83333333,,
2306,02 11 283,028  51  7321,2112830000,2851732100,2,11,2830000,-2.183333333,28,51,1732100,28.85,,
2307,02'36.7089',028'45.6007',2367089000,2845600700,2,36,7089000,-2.6,28,45,5600700,28.75,,
2309,2373622,28448346,2373622000,2844834600,2,37,3622000,-2.616666667,28,44,4834600,28.73333333,,
2310,02'37.2021',028'44.9591',2372021000,2844959100,2,37,2021000,-2.616666667,28,44,4959100,28.73333333,,
2314,"2,175,806","295,412","217,580,600","295,412,000",2,17,NA,-2.283333333,29,NA,5412000,NA,,
2315,02'37.4249',028'44.8334',2374249000,2844833400,2,37,4249000,-2.616666667,28,44,4833400,28.73333333,,
2316,2171789,28531769,2171789000,2853176900,2,17,1789000,-2.283333333,28,53,3176900,28.88333333,,
2318,02 41 2027,028 39 1482,2412027000,2839148200,2,41,2027000,-2.683333333,28,39,9148200,28.65,,
2319,2172426,28532062,2172426000,2853206200,2,17,2426000,-2.283333333,28,53,3206200,28.88333333,,
2320,02''16.8913,028''53.8501,2168913000,2853850100,2,16,8913000,-2.266666667,28,53,3850100,28.88333333,,
2321,211.0162964,2851.7556,2110162964,2851755600,2,11,162964,-2.183333333,28,51,1755600,28.85,,
2323,02  40  7768,028  38 9436,2407768000,2838943600,2,40,7768000,-2.666666667,28,38,8943600,28.63333333,,
2327,2173481,28527708,2173481000,2852770800,2,17,3481000,-2.283333333,28,52,2770800,28.86666667,,
2328,211.3433,028.50.5221,2113433000,2850522100,2,11,3433000,-2.183333333,28,50,522100,28.83333333,,
2329,.,,0,0,0,0,0,0,0,0,0,0,,
2332,2110687,28519854,2110687000,2851985400,2,11,687000,-2.183333333,28,51,1985400,28.85,,
2334,241.6966,2838.6583,2416966000,2838658300,2,41,6966000,-2.683333333,28,38,8658300,28.63333333,,
2335,02'16.7679',028'53.5667',2167679000,2853566700,2,16,7679000,-2.266666667,28,53,3566700,28.88333333,,
2336,02'16.7353',028'53.5180',2167353000,2853518000,2,16,7353000,-2.266666667,28,53,3518000,28.88333333,,
2338,211.9324951,285.9645081,2119324951,2859645081,2,11,9324951,-2.183333333,28,59,9645081,28.98333333,,
2339,2413545,28392244,2413545000,2839224400,2,41,3545000,-2.683333333,28,39,9224400,28.65,,
2340,217405,28528553,2174050000,2852855300,2,17,4050000,-2.283333333,28,52,2855300,28.86666667,,
2343,217.5984,2,2175984000,2000000000,2,17,5984000,-2.283333333,20,0,0,20,,
2345,02'17.5510',028'52.8442',2175510000,2852844200,2,17,5510000,-2.283333333,28,52,2844200,28.86666667,,
2347,,,0,0,0,0,0,0,0,0,0,0,,
2348,02''37.0639'',028''45.3569'',2370639000,2845356900,2,37,639000,-2.616666667,28,45,5356900,28.75,,
2349,212046,28515366,2120460000,2851536600,2,12,460000,-2.2,28,51,1536600,28.85,,
2352,02 37 9851,028 45 0020,2379851000,2845002000,2,37,9851000,-2.616666667,28,45,5002000,28.75,,
2355,2174337,28528780,2174337000,2852878000,2,17,4337000,-2.283333333,28,52,2878000,28.86666667,,
2358,211.7422028,2852.3865,2117422028,2852386500,2,11,7422028,-2.183333333,28,52,2386500,28.86666667,,
2359,2113749,28499871,2113749000,2849987100,2,11,3749000,-2.183333333,28,49,9987100,28.81666667,,
2360,2112139,28504294,2112139000,2850429400,2,11,2139000,-2.183333333,28,50,429400,28.83333333,,
2362,02'41.0875,028'39.2447,2410875000,2839244700,2,41,875000,-2.683333333,28,39,9244700,28.65,,
2364,2175729,28529013,2175729000,2852901300,2,17,5729000,-2.283333333,28,52,2901300,28.86666667,,
2365,2116760,28510008,2116760000,2851000800,2,11,6760000,-2.183333333,28,51,1000800,28.85,,
2366,2414191,28391276,2414191000,2839127600,2,41,4191000,-2.683333333,28,39,9127600,28.65,,
2368,2377583,28450546,2377583000,2845054600,2,37,7583000,-2.616666667,28,45,5054600,28.75,,
2371,2119510,28509246,2119510000,2850924600,2,11,9510000,-2.183333333,28,50,924600,28.83333333,,
2372,02 11 0638,028.  51. 7566,2110638000,2851756600,2,11,638000,-2.183333333,28,51,1756600,28.85,,
2373,240.8356934,2838.866699,2408356934,2838866699,2,40,8356934,-2.666666667,28,38,8866699,28.63333333,,
2375,21112124,28518386,2111212400,2851838600,2,11,1212400,-2.183333333,28,51,1838600,28.85,,
2376,2407759,28388350,2407759000,2838835000,2,40,7759000,-2.666666667,28,38,8835000,28.63333333,,
2377,02''12.2077'',028''51''.5384,2122077000,2851538400,2,12,2077000,-2.2,28,51,1538400,28.85,,
2378,2378808,28450061,2378808000,2845006100,2,37,8808000,-2.616666667,28,45,5006100,28.75,,
2379,02'37.0760',028'45.3461,2370760000,2845346100,2,37,760000,-2.616666667,28,45,5346100,28.75,,
2381,237.8284,2844.7777,2378284000,2844777700,2,37,8284000,-2.616666667,28,44,4777700,28.73333333,,
2383,237.85555,2844.7201,2378555500,2844720100,2,37,8555500,-2.616666667,28,44,4720100,28.73333333,,
2386,2418747,28383782,2418747000,2838378200,2,41,8747000,-2.683333333,28,38,8378200,28.63333333,,
2387,02 37 5881,028 44 6690,2375881000,2844669000,2,37,5881000,-2.616666667,28,44,4669000,28.73333333,,
2388,02  41 6746,028  38  4703,2416746000,2838470300,2,41,6746000,-2.683333333,28,38,8470300,28.63333333,,
2390,2113909,28503824,2113909000,2850382400,2,11,3909000,-2.183333333,28,50,382400,28.83333333,,
2391,237.8117065,2845.173096,2378117065,2845173096,2,37,8117065,-2.616666667,28,45,5173096,28.75,,
2394,02'42.0145',028'38.8758',2420145000,2838875800,2,42,145000,-2.7,28,38,8875800,28.63333333,,
2395,240.4915924,2839.0207,2404915924,2839020700,2,40,4915924,-2.666666667,28,39,9020700,28.65,,
2397,2169863,28527649,2169863000,2852764900,2,16,9863000,-2.266666667,28,52,2764900,28.86666667,,
2398,2383791,28452867,2383791000,2845286700,2,38,3791000,-2.633333333,28,45,5286700,28.75,,
2399,02  41 8895,028 38 9635,2418895000,2838963500,2,41,8895000,-2.683333333,28,38,8963500,28.63333333,,
2400,2117299,28510504,2117299000,2851050400,2,11,7299000,-2.183333333,28,51,1050400,28.85,,
2401,212.1750031,2851.6079,2121750031,2851607900,2,12,1750031,-2.2,28,51,1607900,28.85,,
2402,21.265325,17189.522,2126532500,1718952200,2,12,6532500,-2.2,17,18,8952200,17.3,,
2406,02'17.5492',02'852.8841',2175492000,2852884100,2,17,5492000,-2.283333333,28,52,2884100,28.86666667,,
2407,02°16' 2677'',028°52'9629'',2162677000,2852962900,2,16,2677000,-2.266666667,28,52,2962900,28.86666667,,
2409,241.8437958,2838.992676,2418437958,2838992676,2,41,8437958,-2.683333333,28,38,8992676,28.63333333,,
2416,212,02.  12. 0801,2120000000,2120801000,2,12,0,-2.2,21,20,801000,21.33333333,,
2420,02  40  2300,028  39  0356,2402300000,2839035600,2,40,2300000,-2.666666667,28,39,9035600,28.65,,
2423,28340920,28320950,2834092000,2832095000,2,83,4092000,-3.383333333,28,32,2095000,28.53333333,,
2424,2177334,28528390,2177334000,2852839000,2,17,7334000,-2.283333333,28,52,2839000,28.86666667,,
2427,211.6699066,2851.2629,2116699066,2851262900,2,11,6699066,-2.183333333,28,51,1262900,28.85,,
2428,02  37  6865,028  44  7432,2376865000,2844743200,2,37,6865000,-2.616666667,28,44,4743200,28.73333333,,
2429,2167212,28536527,2167212000,2853652700,2,16,7212000,-2.266666667,28,53,3652700,28.88333333,,
2430,02'37.7115',028'45.0668',2377115000,2845066800,2,37,7115000,-2.616666667,28,45,5066800,28.75,,
2432,02 40 2250,028 38 9750,2402250000,2838975000,2,40,2250000,-2.666666667,28,38,8975000,28.63333333,,
2433,02'40.2660',028'39.0393',2402660000,2839039300,2,40,2660000,-2.666666667,28,39,9039300,28.65,,
2434,230756,2824852,2307560000,2824852000,2,30,7560000,-2.5,28,24,4852000,28.4,,
2435,2406465,28389423,2406465000,2838942300,2,40,6465000,-2.666666667,28,38,8942300,28.63333333,,
2436,02'11.2199',028'51.7821',2112199000,2851782100,2,11,2199000,-2.183333333,28,51,1782100,28.85,,
2438,2402281,28390232,2402281000,2839023200,2,40,2281000,-2.666666667,28,39,9023200,28.65,,
2439,2112269,28504226,2112269000,2850422600,2,11,2269000,-2.183333333,28,50,422600,28.83333333,,
2440,2245601,28242235,2245601000,2824223500,2,24,5601000,-2.4,28,24,4223500,28.4,,
2442,211.1022,2851.8533,2111022000,2851853300,2,11,1022000,-2.183333333,28,51,1853300,28.85,,
2444,2113048,2851445,2113048000,2851445000,2,11,3048000,-2.183333333,28,51,1445000,28.85,,
2445,2110657,28519357,2110657000,2851935700,2,11,657000,-2.183333333,28,51,1935700,28.85,,
2448,2371855,28452076,2371855000,2845207600,2,37,1855000,-2.616666667,28,45,5207600,28.75,,
2449,2164700,28537041,2164700000,2853704100,2,16,4700000,-2.266666667,28,53,3704100,28.88333333,,
2450,02  37  6441,028  45  1343,2376441000,2845134300,2,37,6441000,-2.616666667,28,45,5134300,28.75,,
2451,217.0686798,2852.7915,2170686798,2852791500,2,17,686798,-2.283333333,28,52,2791500,28.86666667,,
2453,2420298,28388318,2420298000,2838831800,2,42,298000,-2.7,28,38,8831800,28.63333333,,
2454,2372365,26451752,2372365000,2645175200,2,37,2365000,-2.616666667,26,45,5175200,26.75,,
2455,02  41  8740,028  38  9634,2418740000,2838963400,2,41,8740000,-2.683333333,28,38,8963400,28.63333333,,
2456,2410928,28389837,2410928000,2838983700,2,41,928000,-2.683333333,28,38,8983700,28.63333333,,
2457,2377128,28447162,2377128000,2844716200,2,37,7128000,-2.616666667,28,44,4716200,28.73333333,,
2458,2417544,28384918,2417544000,2838491800,2,41,7544000,-2.683333333,28,38,8491800,28.63333333,,
2460,215.5511932,2853.171875,2155511932,2853171875,2,15,5511932,-2.25,28,53,3171875,28.88333333,,
2462,02'41.2005,028'39.1632',2412005000,2839163200,2,41,2005000,-2.683333333,28,39,9163200,28.65,,
2463,"2,379,487","28,451,993","237,948,700","284,519,930",2,37,NA,-2.616666667,28,45,NA,28.75,,
2465,217.2447968,2853.0726,2172447968,2853072600,2,17,2447968,-2.283333333,28,53,3072600,28.88333333,,
2466,02''15.6956,028''53.4636,2156956000,2853463600,2,15,6956000,-2.25,28,53,3463600,28.88333333,,
2469,2113137,28504454,2113137000,2850445400,2,11,3137000,-2.183333333,28,50,445400,28.83333333,,
2470,02'40.8947,028'38.8720,2408947000,2838872000,2,40,8947000,-2.666666667,28,38,8872000,28.63333333,,
2472,2115079,28526518,2115079000,2852651800,2,11,5079000,-2.183333333,28,52,2651800,28.86666667,,
2474,240.493103,2838.965088,2404931030,2838965088,2,40,4931030,-2.666666667,28,38,8965088,28.63333333,,
2476,02'11.4642',028'50.4279',2114642000,2850427900,2,11,4642000,-2.183333333,28,50,427900,28.83333333,,
2477,02'12.0651,028'51.5562,2120651000,2851556200,2,12,651000,-2.2,28,51,1556200,28.85,,
2480,2119745,28519873,2119745000,2851987300,2,11,9745000,-2.183333333,28,51,1987300,28.85,,
2483,02'16.2020',028'53.3223',2162020000,2853322300,2,16,2020000,-2.266666667,28,53,3322300,28.88333333,,
2484,2114386,28503789,2114386000,2850378900,2,11,4386000,-2.183333333,28,50,378900,28.83333333,,
2485,02'37.6068',028'44.8598',2376068000,2844859800,2,37,6068000,-2.616666667,28,44,4859800,28.73333333,,
2487,2165363,28531346,2165363000,2853134600,2,16,5363000,-2.266666667,28,53,3134600,28.88333333,,
2492,2410866,28391842,2410866000,2839184200,2,41,866000,-2.683333333,28,39,9184200,28.65,,
2495,2413128,28390283,2413128000,2839028300,2,41,3128000,-2.683333333,28,39,9028300,28.65,,
2497,2366594,28455918,2366594000,2845591800,2,36,6594000,-2.6,28,45,5591800,28.75,,
2498,2116946,28511121,2116946000,2851112100,2,11,6946000,-2.183333333,28,51,1112100,28.85,,
2505,2118665,28518804,2118665000,2851880400,2,11,8665000,-2.183333333,28,51,1880400,28.85,,
2507,2115244,28509058,2115244000,2850905800,2,11,5244000,-2.183333333,28,50,905800,28.83333333,,
2508,2165414,28531705,2165414000,2853170500,2,16,5414000,-2.266666667,28,53,3170500,28.88333333,,
2509,2418051,28390256,2418051000,2839025600,2,41,8051000,-2.683333333,28,39,9025600,28.65,,
2512,241.7153931,2838.5846,2417153931,2838584600,2,41,7153931,-2.683333333,28,38,8584600,28.63333333,,
2516,2370656,28453260,2370656000,2845326000,2,37,656000,-2.616666667,28,45,5326000,28.75,,
2518,2408753,28389925,2408753000,2838992500,2,40,8753000,-2.666666667,28,38,8992500,28.63333333,,
2519,240.7615967,2838.8683,2407615967,2838868300,2,40,7615967,-2.666666667,28,38,8868300,28.63333333,,
2520,02'37.1440',028'45.1233',2371440000,2845123300,2,37,1440000,-2.616666667,28,45,5123300,28.75,,
2522,02'11.6722',028'50.9232',2116722000,2850923200,2,11,6722000,-2.183333333,28,50,923200,28.83333333,,
2526,02  16  6328,028  53. 550,2166328000,2853550000,2,16,6328000,-2.266666667,28,53,3550000,28.88333333,,
2529,02 16 2820,28531925,2162820000,2853192500,2,16,2820000,-2.266666667,28,53,3192500,28.88333333,,
2531,236.7397003,2845.581787,2367397003,2845581787,2,36,7397003,-2.6,28,45,5581787,28.75,,
2531,236.7397003,2845.581787,2366457000,2845612900,2,36,6457000,-2.6,28,45,5612900,28.75,,
2531,236.6457,2845.6129,2367397003,2845581787,2,36,7397003,-2.6,28,45,5581787,28.75,,
2531,236.6457,2845.6129,2366457000,2845612900,2,36,6457000,-2.6,28,45,5612900,28.75,,
2533,02'41.7149,028'38.6171',2417149000,2838617100,2,41,7149000,-2.683333333,28,38,8617100,28.63333333,,
2534,02'42.1002',028'30.2959',2421002000,2830295900,2,42,1002000,-2.7,28,30,295900,28.5,,
2535,2175268,28528857,2175268000,2852885700,2,17,5268000,-2.283333333,28,52,2885700,28.86666667,,
2536,21110011,28518961,2111001100,2851896100,2,11,1001100,-2.183333333,28,51,1896100,28.85,,
2543,2417765,28385170,2417765000,2838517000,2,41,7765000,-2.683333333,28,38,8517000,28.63333333,,
2544,240.2664948,2839.026855,2402664948,2839026855,2,40,2664948,-2.666666667,28,39,9026855,28.65,,
2545,2118305,28509711,2118305000,2850971100,2,11,8305000,-2.183333333,28,50,971100,28.83333333,,
2546,0.2'41.363',028'39.1750',2413630000,2839175000,2,41,3630000,-2.683333333,28,39,9175000,28.65,,
2548,21263806,28596289,2126380600,2859628900,2,12,6380600,-2.2,28,59,9628900,28.98333333,,
2549,2408004,28389033,2408004000,2838903300,2,40,8004000,-2.666666667,28,38,8903300,28.63333333,,
2551,2408839,28389281,2408839000,2838928100,2,40,8839000,-2.666666667,28,38,8928100,28.63333333,,
2552,2116192,28505566,2116192000,2850556600,2,11,6192000,-2.183333333,28,50,556600,28.83333333,,
2553,2371915,28456783,2371915000,2845678300,2,37,1915000,-2.616666667,28,45,5678300,28.75,,
2554,2378029,28447802,2378029000,2844780200,2,37,8029000,-2.616666667,28,44,4780200,28.73333333,,
2559,2162487,28532144,2162487000,2853214400,2,16,2487000,-2.266666667,28,53,3214400,28.88333333,,
2560,2402059,28390174,2402059000,2839017400,2,40,2059000,-2.666666667,28,39,9017400,28.65,,
2561,02'40.9376',028'38.9239,2409376000,2838923900,2,40,9376000,-2.666666667,28,38,8923900,28.63333333,,
2562,241.9199982,2838.946,2419199982,2838946000,2,41,9199982,-2.683333333,28,38,8946000,28.63333333,,
2565,02'11.3104',028'50.7801',2113104000,2850780100,2,11,3104000,-2.183333333,28,50,780100,28.83333333,,
2566,237.3323,2845.3589,2373323000,2845358900,2,37,3323000,-2.616666667,28,45,5358900,28.75,,
2567,2112572,28518716,2112572000,2851871600,2,11,2572000,-2.183333333,28,51,1871600,28.85,,
2568,241.9234009,2838.9615,2419234009,2838961500,2,41,9234009,-2.683333333,28,38,8961500,28.63333333,,
2569,02'37.2955',028'45.5346',2372955000,2845534600,2,37,2955000,-2.616666667,28,45,5534600,28.75,,
2570,,,0,0,0,0,0,0,0,0,0,0,,
2573,217439,2174394,2174390000,2174394000,2,17,4390000,-2.283333333,21,74,4394000,22.23333333,,
2575,216.2319946,2853.474854,2162319946,2853474854,2,16,2319946,-2.266666667,28,53,3474854,28.88333333,,
2576,2377337,28451200,2377337000,2845120000,2,37,7337000,-2.616666667,28,45,5120000,28.75,,
2577,215.5989075,2853.238525,2155989075,2853238525,2,15,5989075,-2.25,28,53,3238525,28.88333333,,
2578,02  37  2254,028  44  7025,2372254000,2844702500,2,37,2254000,-2.616666667,28,44,4702500,28.73333333,,
2578,02  37  2254,028  44  7025,2372183000,2844891200,2,37,2183000,-2.616666667,28,44,4891200,28.73333333,,
2578,2372183,28448912,2372254000,2844702500,2,37,2254000,-2.616666667,28,44,4702500,28.73333333,,
2578,2372183,28448912,2372183000,2844891200,2,37,2183000,-2.616666667,28,44,4891200,28.73333333,,
2579,2639251,239802,2639251000,2398020000,2,63,9251000,-3.05,23,98,8020000,24.63333333,,
2581,2171331,28527440,2171331000,2852744000,2,17,1331000,-2.283333333,28,52,2744000,28.86666667,,
2582,2118936,28519120,2118936000,2851912000,2,11,8936000,-2.183333333,28,51,1912000,28.85,,
2583,237.9561005,2845.041504,2379561005,2845041504,2,37,9561005,-2.616666667,28,45,5041504,28.75,,
2584,2409026,28389848,2409026000,2838984800,2,40,9026000,-2.666666667,28,38,8984800,28.63333333,,
2585,2378232,28448251,2378232000,2844825100,2,37,8232000,-2.616666667,28,44,4825100,28.73333333,,
2586,211.2001953,2851.8323,2112001953,2851832300,2,11,2001953,-2.183333333,28,51,1832300,28.85,,
2587,02'40.5748',028'38.9313,2405748000,2838931300,2,40,5748000,-2.666666667,28,38,8931300,28.63333333,,
2590,02 12 0255,028  52  1054,2120255000,2852105400,2,12,255000,-2.2,28,52,2105400,28.86666667,,
2591,2165314,28537332,2165314000,2853733200,2,16,5314000,-2.266666667,28,53,3733200,28.88333333,,
2592,212.1023,2852.8534,2121023000,2852853400,2,12,1023000,-2.2,28,52,2853400,28.86666667,,
2594,02'41.4530',028'39.0795',2414530000,2839079500,2,41,4530000,-2.683333333,28,39,9079500,28.65,,
2596,2374867,28450847,2374867000,2845084700,2,37,4867000,-2.616666667,28,45,5084700,28.75,,
2597,02'11.7707',028'52.3906',2117707000,2852390600,2,11,7707000,-2.183333333,28,52,2390600,28.86666667,,
2598,02'12.0556',028'51.5342',2120556000,2851534200,2,12,556000,-2.2,28,51,1534200,28.85,,
2599,237.5379028,2844.781494,2375379028,2844781494,2,37,5379028,-2.616666667,28,44,4781494,28.73333333,,
2602,02'37.5705',028'45.0717,2375705000,2845071700,2,37,5705000,-2.616666667,28,45,5071700,28.75,,
2603,02'11.6233,028'51.0031,2116233000,2851003100,2,11,6233000,-2.183333333,28,51,1003100,28.85,,
2605,02'163069,02'8533171,2163069000,2853317100,2,16,3069000,-2.266666667,28,53,3317100,28.88333333,,
2607,2407373,28388777,2407373000,2838877700,2,40,7373000,-2.666666667,28,38,8877700,28.63333333,,
2608,2121166,22854806,2121166000,2285480600,2,12,1166000,-2.2,22,85,5480600,23.41666667,,
2613,02 17.0651,028 52. 7919,2170651000,2852791900,2,17,651000,-2.283333333,28,52,2791900,28.86666667,,
2615,237.4481964,2844.8819,2374481964,2844881900,2,37,4481964,-2.616666667,28,44,4881900,28.73333333,,
2621,2156645,28534853,2156645000,2853485300,2,15,6645000,-2.25,28,53,3485300,28.88333333,,
2622,237.4705963,2844.705078,2374705963,2844705078,2,37,4705963,-2.616666667,28,44,4705078,28.73333333,,
2624,02'40.7057',028'38.8984',2407057000,2838898400,2,40,7057000,-2.666666667,28,38,8898400,28.63333333,,
2626,02'42.0311,028'38.9834,2420311000,2838983400,2,42,311000,-2.7,28,38,8983400,28.63333333,,
2627,2015.9485,028 53.0100,2015948500,2853010000,2,1,5948500,-2.016666667,28,53,3010000,28.88333333,,
2627,2015.9485,028 53.0100,2159623000,2853169600,2,15,9623000,-2.25,28,53,3169600,28.88333333,,
2627,2159623,28531696,2015948500,2853010000,2,1,5948500,-2.016666667,28,53,3010000,28.88333333,,
2627,2159623,28531696,2159623000,2853169600,2,15,9623000,-2.25,28,53,3169600,28.88333333,,
2628,02'12.1793,028'52.5131,2121793000,2852513100,2,12,1793000,-2.2,28,52,2513100,28.86666667,,
2629,2112593,28518565,2112593000,2851856500,2,11,2593000,-2.183333333,28,51,1856500,28.85,,
2631,237.8168945,2844.775146,2378168945,2844775146,2,37,8168945,-2.616666667,28,44,4775146,28.73333333,,
2633,02'38.0009',028'44.8468',2380009000,2844846800,2,38,9000,-2.633333333,28,44,4846800,28.73333333,,
2635,02 38 0268,028 45 0019,2380268000,2845001900,2,38,268000,-2.633333333,28,45,5001900,28.75,,
2636,241.9176025,2839.053223,2419176025,2839053223,2,41,9176025,-2.683333333,28,39,9053223,28.65,,
2638,02 11.5620,028. 50. 5917,2115620000,2850591700,2,11,5620000,-2.183333333,28,50,591700,28.83333333,,
2639,02  37  6392,028  45  1387,2376392000,2845138700,2,37,6392000,-2.616666667,28,45,5138700,28.75,,
2640,2418733,28389029,2418733000,2838902900,2,41,8733000,-2.683333333,28,38,8902900,28.63333333,,
2642,2372440,28453454,2372440000,2845345400,2,37,2440000,-2.616666667,28,45,5345400,28.75,,
2643,2370404,28454223,2370404000,2845422300,2,37,404000,-2.616666667,28,45,5422300,28.75,,
2644,212.2631989,2851.929199,2122631989,2851929199,2,12,2631989,-2.2,28,51,1929199,28.85,,
2645,02 16 .2726,028 53 1054,2162726000,2853105400,2,16,2726000,-2.266666667,28,53,3105400,28.88333333,,
2647,2418185,28384183,2418185000,2838418300,2,41,8185000,-2.683333333,28,38,8418300,28.63333333,,
2652,2419512,28389467,2419512000,2838946700,2,41,9512000,-2.683333333,28,38,8946700,28.63333333,,
2655,21.47888,17'12588 767,2147888000,1712588767,2,14,7888000,-2.233333333,17,12,2588767,17.2,,
2656,241.4452972,2839.112793,2414452972,2839112793,2,41,4452972,-2.683333333,28,39,9112793,28.65,,
2658,02'40.8330',028'38.7743',2408330000,2838774300,2,40,8330000,-2.666666667,28,38,8774300,28.63333333,,
2661,2371532,28450753,2371532000,2845075300,2,37,1532000,-2.616666667,28,45,5075300,28.75,,
2662,502158700,28531329,2158700000,2853132900,2,15,8700000,-2.25,28,53,3132900,28.88333333,,
2665,211.7646,2851.1975,2117646000,2851197500,2,11,7646000,-2.183333333,28,51,1197500,28.85,,
2666,21715570,28526797,2171557000,2852679700,2,17,1557000,-2.283333333,28,52,2679700,28.86666667,,
2668,237347,28448966,2373470000,2844896600,2,37,3470000,-2.616666667,28,44,4896600,28.73333333,,
2669,2173969,28526610,2173969000,2852661000,2,17,3969000,-2.283333333,28,52,2661000,28.86666667,,
2673,211.7151031,2851.012207,2117151031,2851012207,2,11,7151031,-2.183333333,28,51,1012207,28.85,,
2674,2110815,28518398,2110815000,2851839800,2,11,815000,-2.183333333,28,51,1839800,28.85,,
2675,02'12.0035',028'51.4986',2120035000,2851498600,2,12,35000,-2.2,28,51,1498600,28.85,,
2676,02'37.1739,028'44.8592,2371739000,2844859200,2,37,1739000,-2.616666667,28,44,4859200,28.73333333,,
2677,2419927,28388675,2419927000,2838867500,2,41,9927000,-2.683333333,28,38,8867500,28.63333333,,
2747,,,0,0,0,0,0,0,0,0,0,0,,
11111,02'41.1863',028'39.2697',2411863000,2839269700,2,41,1863000,-2.683333333,28,39,9269700,28.65,,
22360,,,0,0,0,0,0,0,0,0,0,0,,
